{"cameraMode":{"drawMode":0,"name":"Shaded","section":"Shading Mode"},"sceneLighting":true,"audioPlay":false,"sceneViewState":{"showFog":true,"showMaterialUpdate":false,"showSkybox":true,"showFlares":true,"showImageEffects":true,"showParticleSystems":true},"in2DMode":false,"pivot":{"x":4.314696311950684,"y":0.8720703125,"z":-2.597747802734375},"rotation":{"x":0.6964135766029358,"y":0.00322933797724545,"z":-0.0031338718254119159,"w":0.7176265716552734},"size":3.977454900741577,"orthographic":true}