{"cameraMode":{"drawMode":0,"name":"Shaded","section":"Shading Mode"},"sceneLighting":true,"audioPlay":false,"sceneViewState":{"showFog":true,"showMaterialUpdate":false,"showSkybox":true,"showFlares":true,"showImageEffects":true,"showParticleSystems":true},"in2DMode":false,"pivot":{"x":136.9600067138672,"y":542.0799560546875,"z":0.0},"rotation":{"x":0.37044599652290347,"y":0.006966318469494581,"z":-0.0027783915866166355,"w":0.9288237690925598},"size":297.85186767578127,"orthographic":true}